sample_id,label,measure,duong,ngoc,agree
GTS02,traffic_sign,count,11,10,0
GTS02,traffic_sign,attr:escalate_review,false|false|false|false|false|false|false|false|false|false|false,false|false|false|false|false|false|false|false|false|false,0
GTS02,traffic_sign,attr:legibility,legible|legible|legible|legible|legible|legible|legible|legible|legible|legible|legible,legible|legible|legible|legible|legible|legible|legible|legible|legible|legible,0
GTS02,traffic_sign,attr:occlusion,none|none|none|none|none|none|none|none|none|none|none,none|none|none|none|none|none|none|none|none|none,0
GTS02,traffic_sign,attr:relevance,facing_ego|facing_ego|facing_ego|facing_ego|facing_ego|facing_ego|facing_ego|facing_ego|facing_ego|facing_ego|facing_ego,facing_ego|facing_ego|facing_ego|facing_ego|facing_ego|facing_ego|facing_ego|facing_ego|facing_ego|facing_ego,0
GTS02,traffic_sign,attr:sign_group,prohibitory|prohibitory|prohibitory|prohibitory|prohibitory|prohibitory|warning|warning|warning|warning|warning,prohibitory|prohibitory|prohibitory|prohibitory|prohibitory|warning|warning|warning|warning|warning,0
GTS04,traffic_sign,count,6,6,1
GTS04,traffic_sign,attr:escalate_review,false|false|false|false|false|false,false|false|false|false|false|false,1
GTS04,traffic_sign,attr:legibility,legible|legible|legible|legible|legible|legible,legible|legible|legible|legible|legible|legible,1
GTS04,traffic_sign,attr:occlusion,partial|partial|partial|partial|partial|partial,none|none|none|none|none|none,0
GTS04,traffic_sign,attr:relevance,facing_ego|facing_ego|facing_ego|facing_ego|facing_ego|facing_ego,facing_ego|facing_ego|facing_ego|facing_ego|facing_ego|facing_ego,1
GTS04,traffic_sign,attr:sign_group,prohibitory|prohibitory|prohibitory|warning|warning|warning,prohibitory|prohibitory|prohibitory|warning|warning|warning,1
GTS06,traffic_sign,count,3,3,1
GTS06,traffic_sign,attr:escalate_review,false|false|false,false|false|false,1
GTS06,traffic_sign,attr:legibility,unreadable|unreadable|unreadable,legible|legible|legible,0
GTS06,traffic_sign,attr:occlusion,none|none|none,none|none|none,1
GTS06,traffic_sign,attr:relevance,facing_ego|facing_ego|facing_ego,facing_ego|facing_ego|facing_ego,1
GTS06,traffic_sign,attr:sign_group,prohibitory|prohibitory|warning,prohibitory|prohibitory|warning,1
GTS08,traffic_sign,count,6,6,1
GTS08,traffic_sign,attr:escalate_review,false|false|false|false|false|false,false|false|false|false|false|false,1
GTS08,traffic_sign,attr:legibility,legible|legible|legible|legible|legible|legible,legible|legible|legible|legible|legible|legible,1
GTS08,traffic_sign,attr:occlusion,none|none|none|none|none|none,none|none|none|none|none|none,1
GTS08,traffic_sign,attr:relevance,facing_ego|facing_ego|facing_ego|facing_ego|facing_ego|facing_ego,facing_ego|facing_ego|facing_ego|facing_ego|facing_ego|facing_ego,1
GTS08,traffic_sign,attr:sign_group,other_info|prohibitory|prohibitory|prohibitory|warning|warning,prohibitory|prohibitory|prohibitory|prohibitory|warning|warning,0
GTS10,traffic_sign,count,6,6,1
GTS10,traffic_sign,attr:escalate_review,false|false|false|false|false|false,false|false|false|false|false|false,1
GTS10,traffic_sign,attr:legibility,legible|legible|legible|legible|legible|legible,legible|legible|legible|legible|legible|legible,1
GTS10,traffic_sign,attr:occlusion,none|none|none|none|none|none,none|none|none|none|none|none,1
GTS10,traffic_sign,attr:relevance,facing_ego|facing_ego|facing_ego|facing_ego|facing_ego|facing_ego,facing_ego|facing_ego|facing_ego|facing_ego|facing_ego|lateral,0
GTS10,traffic_sign,attr:sign_group,prohibitory|prohibitory|prohibitory|warning|warning|warning,prohibitory|prohibitory|prohibitory|warning|warning|warning,1
GTS12,traffic_sign,count,3,3,1
GTS12,traffic_sign,attr:escalate_review,false|false|false,false|false|false,1
GTS12,traffic_sign,attr:legibility,legible|legible|legible,legible|legible|legible,1
GTS12,traffic_sign,attr:occlusion,none|none|none,none|none|none,1
GTS12,traffic_sign,attr:relevance,facing_ego|facing_ego|facing_ego,facing_ego|facing_ego|facing_ego,1
GTS12,traffic_sign,attr:sign_group,prohibitory|prohibitory|warning,prohibitory|prohibitory|warning,1
