sample_id,split,tags,reason
GTS01,example,normal;small_far,"Ảnh ban ngày cự ly xa minh họa bounding box chuẩn cụm biển và thuộc tính"
GTS03,example,normal,"Ảnh đường ngoại ô rõ nét minh họa các loại biển cấm và biển cảnh báo"
GTS05,example,normal,"Ảnh minh họa nhận diện biển hiệu lệnh và biển thông tin rõ ràng"
GTS16,example,normal,"Ảnh minh họa 1 biển đơn lẻ rõ nét ở cự ly gần"
GTS02,calibration,conflict;small_far,"Cụm nhiều biển báo dày đặc đo độ nhất quán số lượng và phân nhóm"
GTS04,calibration,occlusion;edge,"Biển bị bóng râm và cây che một phần đo độ đồng thuận occlusion"
GTS06,calibration,edge;small_far,"Biển ở xa sát ngưỡng 12px đo độ đồng thuận legibility"
GTS08,calibration,edge;conflict,"Cụm biển kết hợp biển chính và biển phụ đo độ tách box"
GTS10,calibration,normal;conflict,"Biển giao nhau nhiều hướng đo độ đồng thuận relevance"
GTS12,calibration,edge;low_visibility,"Biển trong điều kiện ánh sáng yếu đo độ nhạy phát hiện"
GTS11,blind,normal,"Ảnh điều kiện chuẩn kiểm tra khả năng bắt biển cơ bản của peer"
GTS13,blind,edge;occlusion,"Biển bị che khuất và bóng cây cắt ngang kiểm thử amodal box của peer"
GTS15,blind,edge;small_far,"Nhiều biển nhỏ ở cự ly xa kiểm thử ngưỡng kích thước 12px"
GTS09,blind,critical;conflict,"Biển cấm/dừng khẩn cấp ưu tiên an toàn, ca sống còn tránh false negative"
GTS20,blind,ambiguity;conflict,"Cụm biển phức tạp đa tầng thử thách quy trình escalation của peer"
