sample_id,decision_id,expected,severity,kind,peer_evidence,correct,note
GTS24,d1,count=6,major,decision,traffic_sign [escalate_review=false;legibility=legible;occlusion=none;relevance=facing_ego;sign_group=mandatory] | traffic_sign [escalate_review=false;legibility=legible;occlusion=none;relevance=lateral;sign_group=other_info] | traffic_sign [escalate_review=false;legibility=legible;occlusion=none;relevance=lateral;sign_group=prohibitory] | traffic_sign [escalate_review=false;legibility=unreadable;occlusion=heavy;relevance=facing_ego;sign_group=prohibitory] | traffic_sign [escalate_review=false;legibility=unreadable;occlusion=none;relevance=lateral;sign_group=other_info] | traffic_sign [escalate_review=false;legibility=unreadable;occlusion=none;relevance=lateral;sign_group=prohibitory],1,Peer đếm đúng đủ 6 biển báo trên ảnh
GTS24,d2,sign_group=mandatory,critical,decision,traffic_sign [escalate_review=false;legibility=legible;occlusion=none;relevance=facing_ego;sign_group=mandatory] | traffic_sign [escalate_review=false;legibility=legible;occlusion=none;relevance=lateral;sign_group=other_info] | traffic_sign [escalate_review=false;legibility=legible;occlusion=none;relevance=lateral;sign_group=prohibitory] | traffic_sign [escalate_review=false;legibility=unreadable;occlusion=heavy;relevance=facing_ego;sign_group=prohibitory] | traffic_sign [escalate_review=false;legibility=unreadable;occlusion=none;relevance=lateral;sign_group=other_info] | traffic_sign [escalate_review=false;legibility=unreadable;occlusion=none;relevance=lateral;sign_group=prohibitory],1,Gán đúng nhóm mandatory cho biển hiệu lệnh chỉ hướng mũi tên xanh trên cao
GTS24,d3,relevance=lateral,major,decision,traffic_sign [escalate_review=false;legibility=legible;occlusion=none;relevance=facing_ego;sign_group=mandatory] | traffic_sign [escalate_review=false;legibility=legible;occlusion=none;relevance=lateral;sign_group=other_info] | traffic_sign [escalate_review=false;legibility=legible;occlusion=none;relevance=lateral;sign_group=prohibitory] | traffic_sign [escalate_review=false;legibility=unreadable;occlusion=heavy;relevance=facing_ego;sign_group=prohibitory] | traffic_sign [escalate_review=false;legibility=unreadable;occlusion=none;relevance=lateral;sign_group=other_info] | traffic_sign [escalate_review=false;legibility=unreadable;occlusion=none;relevance=lateral;sign_group=prohibitory],1,Phân định chính xác 4 biển hướng ngang không chi phối làn xe chủ gán lateral
GTS24,d4,geometry: box ôm sát viền tròn ngoài cùng của biển hiệu lệnh trên cao,minor,geometry,traffic_sign [escalate_review=false;legibility=legible;occlusion=none;relevance=facing_ego;sign_group=mandatory] | traffic_sign [escalate_review=false;legibility=legible;occlusion=none;relevance=lateral;sign_group=other_info] | traffic_sign [escalate_review=false;legibility=legible;occlusion=none;relevance=lateral;sign_group=prohibitory] | traffic_sign [escalate_review=false;legibility=unreadable;occlusion=heavy;relevance=facing_ego;sign_group=prohibitory] | traffic_sign [escalate_review=false;legibility=unreadable;occlusion=none;relevance=lateral;sign_group=other_info] | traffic_sign [escalate_review=false;legibility=unreadable;occlusion=none;relevance=lateral;sign_group=prohibitory],1,Bounding box ôm khít viền tròn ngoài cùng của biển hiệu lệnh
GTS25,d1,count=4,major,decision,traffic_sign [escalate_review=false;legibility=legible;occlusion=none;relevance=facing_ego;sign_group=other_info] | traffic_sign [escalate_review=false;legibility=legible;occlusion=none;relevance=facing_ego;sign_group=prohibitory] | traffic_sign [escalate_review=false;legibility=unreadable;occlusion=none;relevance=facing_away;sign_group=other_info] | traffic_sign [escalate_review=false;legibility=unreadable;occlusion=none;relevance=facing_ego;sign_group=other_info],1,Peer phát hiện đúng đủ 4 biển báo trong bối cảnh
GTS25,d2,sign_group=prohibitory,critical,decision,traffic_sign [escalate_review=false;legibility=legible;occlusion=none;relevance=facing_ego;sign_group=other_info] | traffic_sign [escalate_review=false;legibility=legible;occlusion=none;relevance=facing_ego;sign_group=prohibitory] | traffic_sign [escalate_review=false;legibility=unreadable;occlusion=none;relevance=facing_away;sign_group=other_info] | traffic_sign [escalate_review=false;legibility=unreadable;occlusion=none;relevance=facing_ego;sign_group=other_info],1,Xác định chuẩn xác biển cấm viền đỏ tròn hướng facing_ego
GTS25,d3,relevance=facing_away,major,decision,traffic_sign [escalate_review=false;legibility=legible;occlusion=none;relevance=facing_ego;sign_group=other_info] | traffic_sign [escalate_review=false;legibility=legible;occlusion=none;relevance=facing_ego;sign_group=prohibitory] | traffic_sign [escalate_review=false;legibility=unreadable;occlusion=none;relevance=facing_away;sign_group=other_info] | traffic_sign [escalate_review=false;legibility=unreadable;occlusion=none;relevance=facing_ego;sign_group=other_info],1,Nhận diện chuẩn xác mặt lưng biển báo quay ngược chiều xe gán facing_away
GTS25,d4,"geometry: box ôm khít mặt biển chữ nhật chỉ dẫn, không lấy phần cột",minor,geometry,traffic_sign [escalate_review=false;legibility=legible;occlusion=none;relevance=facing_ego;sign_group=other_info] | traffic_sign [escalate_review=false;legibility=legible;occlusion=none;relevance=facing_ego;sign_group=prohibitory] | traffic_sign [escalate_review=false;legibility=unreadable;occlusion=none;relevance=facing_away;sign_group=other_info] | traffic_sign [escalate_review=false;legibility=unreadable;occlusion=none;relevance=facing_ego;sign_group=other_info],1,Box ôm sát viền biển chữ nhật không lấy cột
GTS26,d1,count=1,major,decision,traffic_sign [escalate_review=false;legibility=unreadable;occlusion=none;relevance=facing_ego;sign_group=warning],1,Bắt đúng 1 biển báo ở cự ly xa bên lề phải
GTS26,d2,sign_group=warning,major,decision,traffic_sign [escalate_review=false;legibility=unreadable;occlusion=none;relevance=facing_ego;sign_group=warning],1,Nhận diện đúng hình dáng tam giác viền đỏ thuộc nhóm warning
GTS26,d3,legibility=unreadable,minor,decision,traffic_sign [escalate_review=false;legibility=unreadable;occlusion=none;relevance=facing_ego;sign_group=warning],1,Biển xa kích thước nhỏ không rõ chi tiết chủ động gán unreadable
GTS27,d1,count=1,major,decision,traffic_sign [escalate_review=false;legibility=legible;occlusion=none;relevance=facing_ego;sign_group=warning],1,Phát hiện chính xác 1 biển cảnh báo nguy hiểm cự ly gần
GTS27,d2,sign_group=warning,critical,decision,traffic_sign [escalate_review=false;legibility=legible;occlusion=none;relevance=facing_ego;sign_group=warning],1,Gán đúng nhóm warning cho biển tam giác cảnh báo khổ lớn cốt lõi an toàn
GTS27,d3,legibility=legible,minor,decision,traffic_sign [escalate_review=false;legibility=legible;occlusion=none;relevance=facing_ego;sign_group=warning],1,Biển cự ly gần nhìn rõ 100% biểu tượng gán legible chuẩn xác
GTS27,d4,geometry: box ôm sát 3 đỉnh của mặt biển tam giác vật lý,minor,geometry,traffic_sign [escalate_review=false;legibility=legible;occlusion=none;relevance=facing_ego;sign_group=warning],1,Dựng bounding box ôm khít 3 đỉnh hình học của biển tam giác
GTS28,d1,count=0,major,decision,none,1,Negative sample chuẩn xác: không vẽ bounding box ảo khi không có biển báo
