sample_id,decision_id,expected,severity,rationale
GTS24,d1,count=6,major,"Phát hiện đủ 6 biển báo gồm biển hiệu lệnh trên cao, cụm 3 biển bên trái, biển dải phân cách và biển phụ xa"
GTS24,d2,sign_group=mandatory,critical,"Biển hiệu lệnh chỉ hướng mũi tên xanh hình tròn cốt lõi bảo đảm an toàn xe đi đúng làn"
GTS24,d3,relevance=lateral,major,"Nhận diện đúng 4 biển quay hướng ngang không điều khiển làn xe chủ gán lateral tránh phantom braking"
GTS24,d4,"geometry: box ôm sát viền tròn ngoài cùng của biển hiệu lệnh trên cao",minor,"Theo quy chuẩn vẽ hình học Mục 3 guideline"
GTS25,d1,count=4,major,"Phát hiện đủ 4 biển báo gồm biển cấm, biển chỉ dẫn và biển phụ"
GTS25,d2,sign_group=prohibitory,critical,"Biển cấm hướng thẳng về xe chủ facing_ego cốt lõi an toàn tuân thủ luật giao thông"
GTS25,d3,relevance=facing_away,major,"Biển quay lưng phía bên trái đường gán đúng relevance=facing_away"
GTS25,d4,"geometry: box ôm khít mặt biển chữ nhật chỉ dẫn, không lấy phần cột",minor,"Theo quy chuẩn vẽ hình học Mục 3 guideline"
GTS26,d1,count=1,major,"Phát hiện đúng 1 biển cảnh báo tam giác cự ly xa bên lề phải"
GTS26,d2,sign_group=warning,major,"Nhận diện đúng hình dáng tam giác viền đỏ đặc trưng của nhóm warning"
GTS26,d3,legibility=unreadable,minor,"Biển nhỏ ở cự ly xa (21x18px) không đọc rõ chi tiết biểu tượng bên trong gán unreadable"
GTS27,d1,count=1,major,"Phát hiện đúng 1 biển cảnh báo nguy hiểm cự ly gần rõ nét"
GTS27,d2,sign_group=warning,critical,"Biển cảnh báo nguy hiểm tam giác viền đỏ khổ lớn cốt lõi an toàn nhắc xe chủ giảm tốc"
GTS27,d3,legibility=legible,minor,"Biển cự ly gần kích thước >100px biểu tượng rõ nét 100% gán legible"
GTS27,d4,"geometry: box ôm sát 3 đỉnh của mặt biển tam giác vật lý",minor,"Theo quy chuẩn vẽ hình học Mục 3 guideline"
GTS28,d1,count=0,major,"Negative sample - bối cảnh đường không có biển báo nào, không vẽ box giả (no false positive)"
